,Channel,Channel,Channel,Channel,Region,Region,Region,Region,Fresh,Fresh,Fresh,Fresh,Milk,Milk,Milk,Milk,Grocery,Grocery,Grocery,Grocery,Frozen,Frozen,Frozen,Frozen,Detergents_Paper,Detergents_Paper,Detergents_Paper,Detergents_Paper,Delicassen,Delicassen,Delicassen,Delicassen
,mean,min,max,count,mean,min,max,count,mean,min,max,count,mean,min,max,count,mean,min,max,count,mean,min,max,count,mean,min,max,count,mean,min,max,count
cluster,,,,,,,,,,,,,,,,,,,,,,,,,,,,,,,,
-1,1.6071428571428572,1,2,28,2.25,1,3,28,15832.642857142857,18,47493,28,11381.42857142857,928,25862,28,12966.392857142857,1660,34792,28,4811.642857142857,42,15082,28,3881.3214285714284,182,17120,28,3293.9285714285716,3,7844,28
0,2.0,2,2,113,2.6548672566371683,1,3,113,7693.221238938053,23,31714,113,8350.769911504425,1124,21412,113,13362.017699115044,4523,30243,113,1314.5575221238937,33,5641,113,5875.884955752213,549,14841,113,1314.575221238938,46,5185,113
1,1.0,1,1,273,2.5347985347985347,1,3,273,11435.970695970696,3,49063,273,2764.3150183150183,55,13252,273,3472.6996336996335,3,16483,273,2829.25641025641,25,16919,273,768.985347985348,3,6907,273,995.3479853479854,3,5137,273
