,Channel,Channel,Channel,Channel,Region,Region,Region,Region,Fresh,Fresh,Fresh,Fresh,Milk,Milk,Milk,Milk,Grocery,Grocery,Grocery,Grocery,Frozen,Frozen,Frozen,Frozen,Detergents_Paper,Detergents_Paper,Detergents_Paper,Detergents_Paper,Delicassen,Delicassen,Delicassen,Delicassen
,mean,min,max,count,mean,min,max,count,mean,min,max,count,mean,min,max,count,mean,min,max,count,mean,min,max,count,mean,min,max,count,mean,min,max,count
cluster,,,,,,,,,,,,,,,,,,,,,,,,,,,,,,,,
1,1.9621212121212122,1,2,132,2.628787878787879,1,3,132,8319.0,18,40721,132,9134.09090909091,1124,25862,132,13676.85606060606,1660,34792,132,1537.5378787878788,33,10155,132,5812.704545454545,282,17120,132,1654.2045454545455,3,7844,132
2,1.0106382978723405,1,2,282,2.5106382978723403,1,3,282,11831.77304964539,3,49063,282,2876.8617021276596,55,16687,282,3601.6631205673757,3,16966,282,3023.7695035460993,25,16919,282,763.5035460992908,3,6907,282,1043.0921985815603,3,5864,282
