,Channel,Channel,Channel,Channel,Region,Region,Region,Region,Fresh,Fresh,Fresh,Fresh,Milk,Milk,Milk,Milk,Grocery,Grocery,Grocery,Grocery,Frozen,Frozen,Frozen,Frozen,Detergents_Paper,Detergents_Paper,Detergents_Paper,Detergents_Paper,Delicassen,Delicassen,Delicassen,Delicassen
,mean,min,max,count,mean,min,max,count,mean,min,max,count,mean,min,max,count,mean,min,max,count,mean,min,max,count,mean,min,max,count,mean,min,max,count
cluster,,,,,,,,,,,,,,,,,,,,,,,,,,,,,,,,
0,1.262734584450402,1,2,373,2.5683646112600536,1,3,373,10885.97855227882,3,49063,373,3898.3646112600536,55,15729,373,5538.608579088472,3,23998,373,2485.844504021448,25,16919,373,1831.1876675603216,3,17120,373,1054.8739946380697,3,5137,373
1,2.0,2,2,22,2.6363636363636362,1,3,22,6440.227272727273,200,22039,22,15458.772727272728,6964,25862,22,23745.31818181818,13567,34792,22,1617.2272727272727,42,4425,22,10280.90909090909,836,15469,22,2024.909090909091,3,6250,22
2,1.0,1,1,6,2.3333333333333335,1,3,6,14740.833333333334,759,31012,6,18459.833333333332,12051,23527,6,9493.833333333334,1660,16027,6,8801.166666666666,3635,15082,6,636.0,182,1547,6,3248.0,1163,5120,6
3,2.0,2,2,9,1.6666666666666667,1,3,9,4549.888888888889,18,22647,9,9876.333333333334,6154,14982,9,16648.777777777777,7684,24773,9,1350.4444444444443,230,2915,9,7107.666666666667,3516,12420,9,3640.6666666666665,710,7844,9
4,1.25,1,2,4,2.5,1,3,4,25779.75,22615,31276,4,5786.5,1917,11487,4,6478.5,4469,9490,4,6974.5,3915,9510,4,1396.75,284,2381,4,5559.25,4334,6854,4
